{"_step":0,"val/test_score/simplerl/math500":0.524,"_timestamp":1.7540000310783186e+09,"_wandb":{"runtime":504},"_runtime":504.228346159}