{"val/test_score/simplerl/math500":0.506,"_timestamp":1.753999185566088e+09,"_runtime":640.40759593,"_step":0,"_wandb":{"runtime":640}}