{"_step":240,"val/test_score/simplerl/math500":0.604,"_timestamp":1.7538490094702654e+09,"_wandb":{"runtime":273},"_runtime":273.508844485}