checkpoint,amc23x8,math500,minerva_math,olympiadbench,amc23x8-t0.6,aime25x8-t0.6
step_20,56.875,81.8,38.60294117647059,40.59259259259259,60.62499999999999,6.666666666666667
step_40,59.375,81.8,33.82352941176471,42.66666666666667,60.0,10.833333333333334
step_60,54.0625,76.2,35.294117647058826,41.92592592592593,52.1875,8.333333333333332
step_80,64.375,79.80000000000001,32.720588235294116,38.81481481481481,60.62499999999999,7.916666666666666
