{"response_length/mean":920.6395874023438,"actor/kl_loss":0.00037980021443217993,"critic/rewards/mean":0.35104167461395264,"actor/pg_loss_coeff":1,"actor/grad_norm":0.050962015986442566,"actor/loss":0.0028120591866284553,"critic/returns/mean":-0.0718943327665329,"sampling_frequency/max":2,"prompt_length/clip_ratio":0,"critic/rewards/max":1,"actor/pg_clipfrac":0,"_runtime":3305.28628033,"timing_per_token_ms/gen":0.1110949569423304,"critic/score/min":0,"timing_s/ref":12.37299687799532,"critic/advantages/min":-2.4748666286468506,"response_length/max":3072,"actor/ppo_kl":0,"timing_s/old_log_prob":12.059223958989605,"prompt_length/max":439,"_step":18,"timing_s/save_checkpoint":11.614208312006667,"critic/score/mean":0.35104167461395264,"timing_s/testing":91.03405867796391,"timing_s/log_scores":0.0604557020124048,"actor/lr":1e-06,"mfu/actor":0,"timing_s/gen":98.1872782750288,"sampling_frequency/min":1,"response_length/clip_ratio":0.06666667014360428,"timing_s/step":173.47201821790077,"prompt_length/min":52,"critic/advantages/mean":-0.0718943327665329,"sampled_accuracy_table":{"nrows":2,"log_mode":"IMMUTABLE","sha256":"a7836cd347d62e4bb4ba2d0991ac23296d54cf952424885436ba64ae425ed382","size":100,"artifact_path":"wandb-client-artifact://hdyp793297xcfqh35p4zq1yadktxldjo0bp09q1nfcoxlaj3nxr5r4jgkr7jh2l4l4tx5aqsdrkhd38x6x82b2ktfi3q8bwapnns1gmqde6g9uqyxwuxannipyr3u0xe/sampled_accuracy_table.table.json","path":"media/table/sampled_accuracy_table_17_a7836cd347d62e4bb4ba.table.json","ncols":3,"_type":"table-file","_latest_artifact_path":"wandb-client-artifact://3ro70jr050lb3e2ns5258wcjzbdkfyrf1huggwmonacudwj3xkrbz2ujf4a3o9cq2nlr9b8u755owt2s213geaa1t25yt8fdnodv8ml0pfw09w4g2fnwnlbrggn740pl:latest/sampled_accuracy_table.table.json"},"timing_per_token_ms/ref":0.012391261597590167,"prompt_length/mean":119.49166870117188,"critic/advantages/max":2.4748666286468506,"sampling_frequency/avg":1.7866004962779156,"val/test_score/simplerl/math500":0.356,"actor/kl_coef":0.001,"critic/returns/max":2.4748666286468506,"actor/pg_loss":0.070457637283163,"timing_s/update_actor":49.553488723002374,"critic/rewards/min":0,"critic/score/max":1,"timing_per_token_ms/update_actor":0.04962663838798627,"critic/returns/min":-2.4748666286468506,"_wandb":{"runtime":3305},"_timestamp":1.7540868387929552e+09,"actor/entropy_loss":0.10685155827265519,"timing_s/adv":1.2355243109632283,"response_length/min":10,"timing_per_token_ms/adv":0.0012373481621542437}