{"_step":0,"_wandb":{"runtime":201},"val/test_score/simplerl/math500":0.322,"_timestamp":1.7538314669310932e+09,"_runtime":201.879594016}