{"response_length/clip_ratio":0.06979166716337204,"sampled_accuracy_table":{"path":"media/table/sampled_accuracy_table_3_95d0c1d6fc33fb3d4beb.table.json","_type":"table-file","ncols":3,"artifact_path":"wandb-client-artifact://cev4e43qfiz5tk8em5skykjjc89i5729npuz3y1xio0rs822xztqyreba0fv6pfxh0c40a0cqj5muyhbc70a13jnk2m62t5415pteem84plfw6z4ldojy94psurfmkjr/sampled_accuracy_table.table.json","sha256":"95d0c1d6fc33fb3d4beb2e382727d3b71a4a207d125e5c9ce3b9d47cfbb359e6","log_mode":"IMMUTABLE","nrows":2,"_latest_artifact_path":"wandb-client-artifact://d70s0n5e5x506sgczbo3kiqqd4lflmuiynbr4n9wjtrqjp5n7v1fj4q7g2j5m0rpi17rdysx2k58w90dof08jfoammp1por5uobqreof1yg39b2jmpanr2szg2k62pts:latest/sampled_accuracy_table.table.json","size":98},"actor/entropy_loss":0.09853264869287096,"actor/kl_loss":0.0008419958176091313,"_runtime":2563.329912264,"actor/loss":0.005757918465578455,"timing_s/old_log_prob":39.8726732309442,"prompt_length/mean":118.64167022705078,"critic/returns/min":-2.4748666286468506,"actor/pg_clipfrac":0.0022055832347993194,"timing_per_token_ms/adv":0.0011129316016149893,"prompt_length/min":60,"timing_s/testing":85.15300884097815,"val/test_score/simplerl/math500":0.626,"_timestamp":1.75400386660294e+09,"timing_s/update_actor":205.59892748401035,"timing_s/log_scores":0.03285085107199848,"critic/rewards/min":0,"sampling_frequency/avg":0.3970223325062035,"critic/rewards/mean":0.4572916626930237,"actor/grad_norm":0.24584085121750832,"timing_s/adv":1.0853776410222054,"prompt_length/max":507,"critic/advantages/max":2.4748666286468506,"critic/score/min":0,"timing_s/ref":43.46688391105272,"critic/returns/mean":-0.1530282199382782,"actor/ppo_kl":4.64953026678437e-05,"timing_s/gen":113.88510637695435,"response_length/min":56,"sampling_frequency/min":1,"critic/returns/max":2.4748666286468506,"timing_s/step":563.435322736972,"actor/pg_loss":0.050447457437885215,"actor/pg_loss_coeff":1,"critic/score/mean":0.4572916626930237,"sampling_frequency/max":1,"critic/score/max":1,"timing_per_token_ms/gen":0.13221760637067376,"critic/rewards/max":1,"_step":4,"prompt_length/clip_ratio":0,"_wandb":{"runtime":2563},"actor/kl_coef":0.001,"actor/lr":1e-06,"critic/advantages/min":-2.4748666286468506,"timing_per_token_ms/update_actor":0.21081836865517517,"timing_s/save_checkpoint":74.33256311505102,"response_length/max":3072,"critic/advantages/mean":-0.1530282199382782,"mfu/actor":0,"response_length/mean":897.2354125976562,"timing_per_token_ms/ref":0.044570356804826614}