{"timing_per_token_ms/update_actor":0.04306008206190703,"actor/kl_coef":0.001,"critic/rewards/mean":0.5833333134651184,"critic/advantages/max":2.4748666286468506,"critic/advantages/min":-2.4748666286468506,"timing_s/ref":2.068663115031086,"timing_per_token_ms/adv":0.002102152232205619,"val/test_score/simplerl/math500":0.704,"critic/score/max":1,"critic/rewards/max":1,"prompt_length/clip_ratio":0,"actor/pg_loss":0.04990639537572861,"_runtime":151043.244618877,"sampled_accuracy_table":{"sha256":"59a4b15f806aa2b405ff1662c5bb308b75c112d6cd966acda4657747b6c75e21","artifact_path":"wandb-client-artifact://kh2yt6ou7hz8i3hkrz5ow1i7x41tega3fpts35g9v7jw3m09ptiumrbzvub7eh7r04ec7tf56rozqw57issxe74ervcw1lu4hdvh2149yuk81u4ck7ohg68u6bjbxpsr/sampled_accuracy_table.table.json","_type":"table-file","nrows":2,"size":313,"ncols":3,"log_mode":"IMMUTABLE","path":"media/table/sampled_accuracy_table_873_59a4b15f806aa2b405ff.table.json","_latest_artifact_path":"wandb-client-artifact://25uaejblcktb5pgh7hjeslr7dy25b759qb4hdlctc2vnzouuu8kjpa1cah4d1s9ptiatzhva6g74xngnds7nxwewo6l5uae34r9y267urwuncsqx5p1w6djyvclubyvw:latest/sampled_accuracy_table.table.json"},"timing_per_token_ms/gen":0.3855072640000829,"actor/kl_loss":0.008367258124053478,"timing_per_token_ms/ref":0.010406378227212337,"timing_s/testing":74.45756716199685,"mfu/actor":0,"critic/score/mean":0.5833333134651184,"prompt_length/max":278,"prompt_length/min":56,"actor/entropy_loss":0.11412298679351807,"sampling_frequency/min":19,"actor/lr":1e-06,"critic/advantages/mean":-0.029142769053578377,"response_length/clip_ratio":0.02083333395421505,"response_length/min":219,"actor/ppo_kl":0,"timing_s/old_log_prob":2.1554831620305777,"actor/loss":0.02489974582567811,"_step":874,"_timestamp":1.7540830872946408e+09,"sampling_frequency/avg":21.687344913151364,"actor/grad_norm":0.09163796156644821,"timing_s/save_checkpoint":14.873509723925963,"critic/returns/min":-2.4748666286468506,"timing_s/log_scores":0.11052129091694951,"critic/returns/mean":-0.029142769053578377,"timing_s/adv":0.4178826379356906,"critic/rewards/min":0,"timing_s/gen":65.53777690907009,"response_length/max":3072,"prompt_length/mean":119.93333435058594,"actor/pg_clipfrac":0,"timing_s/step":168.24199483997654,"timing_s/update_actor":8.559827592922375,"sampling_frequency/max":22,"critic/returns/max":2.4748666286468506,"actor/pg_loss_coeff":1,"_wandb":{"runtime":151043},"critic/score/min":0,"response_length/mean":708.3499755859375}