{"val/test_score/simplerl/math500":0.318,"_timestamp":1.7534014584558973e+09,"_runtime":459.90924489,"_step":0,"_wandb":{"runtime":459}}