{"critic/rewards/max":1,"critic/rewards/mean":0.9114583134651184,"critic/advantages/mean":-0.005543135106563568,"timing_s/log_scores":0.35928164003416896,"actor/pg_loss":-0.017366897807840037,"timing_s/ref":32.952714031911455,"response_length/min":52,"timing_per_token_ms/ref":0.04476820813112738,"actor/entropy_loss":0.05303898431798991,"timing_s/update_actor":120.07191763096489,"timing_s/gen":90.4176806169562,"actor/lr":1e-06,"prompt_length/clip_ratio":0,"critic/score/min":0,"sampling_frequency/max":109,"timing_s/step":273.2713929740712,"actor/loss":-0.0008952770174312933,"prompt_length/min":59,"critic/score/mean":0.9114583134651184,"actor/pg_loss_coeff":1,"critic/advantages/max":1.6201815605163574,"timing_s/save_checkpoint":65.49191788199823,"actor/kl_loss":0.02779165282845497,"val/test_score/simplerl/math500":0.776,"actor/kl_coef":0.001,"critic/rewards/min":0,"_wandb":{"runtime":351930},"critic/score/max":1,"timing_s/testing":79.78252207103651,"_step":1083,"mfu/actor":0,"timing_per_token_ms/update_actor":0.16312479129946839,"critic/advantages/min":-2.4748666286468506,"_timestamp":1.7543561270814335e+09,"response_length/max":3072,"timing_per_token_ms/gen":0.14585896488931438,"actor/grad_norm":0.05114401876926422,"timing_per_token_ms/adv":0.0007911073070133265,"response_length/clip_ratio":0.0010416667209938169,"prompt_length/max":316,"critic/returns/max":1.6201815605163574,"sampling_frequency/min":102,"timing_s/adv":0.5823135199025273,"critic/returns/mean":-0.005543135106563568,"response_length/mean":645.7271118164062,"timing_s/old_log_prob":28.883709833957255,"sampled_accuracy_table":{"_latest_artifact_path":"wandb-client-artifact://ozr8mkq657sveb19vdciiyav8lx692ei8crx0x854em08vy0uvc49z1lyykyxdgr8mwb5slx7gxvlaxeyp36gzkl18ef9no2nx3bgpugftfii6hwr868yd39dc3sr96j:latest/sampled_accuracy_table.table.json","log_mode":"IMMUTABLE","nrows":2,"sha256":"cacf703f4c4f6191979af231d77e6b65c11486f42ef3ce22cc242b4cfed6c39b","ncols":3,"path":"media/table/sampled_accuracy_table_1082_cacf703f4c4f6191979a.table.json","_type":"table-file","size":1236,"artifact_path":"wandb-client-artifact://jzd3cntw15j7ffmw5bkrxkyydh57wp3lw0vdae7wgiu861u2keq3d6qfpn9rez4fkultfnj4uezv6sz8crfkfo14hjqmw01hvd2tab9xyx4gj68zeen75ekhb7q714oy/sampled_accuracy_table.table.json"},"prompt_length/mean":121.01667022705078,"actor/ppo_kl":0,"_runtime":351930.014869199,"actor/pg_clipfrac":0,"sampling_frequency/avg":107.4937965260546,"critic/returns/min":-2.4748666286468506}