{"_wandb":{"runtime":447},"val/test_score/simplerl/math500":0.32,"_timestamp":1.7533982992386208e+09,"_runtime":447.529892538,"_step":0}