{"critic/advantages/max":2.4748666286468506,"sampled_accuracy_table":{"nrows":2,"size":200,"_latest_artifact_path":"wandb-client-artifact://5w443hv1tcd1i8z79irozpnn0hpj50rev0dfa8dvr0c4xihkjvhv4fh98v8a8b5zlf8t5ky4d1z98zft4ylm9esz63ny3gxji2q2rrve06iy4910jkwjkpnoaaspv7j0:latest/sampled_accuracy_table.table.json","path":"media/table/sampled_accuracy_table_744_6c522097d6308310110f.table.json","log_mode":"IMMUTABLE","ncols":3,"sha256":"6c522097d6308310110fb65f7d06f4f427f2c9f5f46cb2ecf7808bd61fb6bcf0","artifact_path":"wandb-client-artifact://efd09wbkv0tw1uvp8myfyx37nuie05tmjkwf2iz152s492kjvwvdhppewtooemfqogywrn5li5fy8vp2qeyrj14cfx9glqwgoydwfd23b7w79t8ctojnx2awlis9tvq2/sampled_accuracy_table.table.json","_type":"table-file"},"response_length/mean":959.796875,"response_length/clip_ratio":0.0546875,"actor/ppo_kl":0,"timing_s/update_actor":5.74789044202771,"timing_s/old_log_prob":1.5197077130433172,"response_length/min":157,"timing_s/adv":0.17614003003109246,"critic/returns/mean":-0.016244299709796906,"timing_per_token_ms/adv":0.00129493780440732,"timing_per_token_ms/ref":0.010776185822554952,"actor/loss":0.0403228213544935,"actor/entropy_loss":0.07267188653349876,"critic/returns/min":-2.4748666286468506,"sampling_frequency/min":7,"sampling_frequency/max":11,"prompt_length/mean":102.875,"timing_per_token_ms/gen":0.5389374615078962,"timing_s/ref":1.4657983479555696,"_timestamp":1.7539086241877816e+09,"critic/rewards/max":1,"critic/rewards/mean":0.4140625,"val/test_score/simplerl/math500":0.684,"actor/pg_loss_coeff":1,"actor/pg_clipfrac":0,"critic/score/mean":0.4140625,"actor/grad_norm":0.10036897659301758,"actor/lr":1e-06,"critic/score/max":1,"timing_per_token_ms/update_actor":0.042257064607399614,"critic/score/min":0,"timing_s/gen":66.21062289609108,"sampling_frequency/avg":9.859387923904054,"prompt_length/clip_ratio":0,"timing_s/testing":71.15582166693639,"critic/advantages/min":-2.4748666286468506,"critic/rewards/min":0,"mfu/actor":0,"response_length/max":3072,"actor/kl_coef":0.001,"actor/kl_loss":0.002506276359781623,"prompt_length/min":64,"prompt_length/max":173,"_step":745,"_runtime":7804.683171331,"actor/pg_loss":0.08071590261533856,"timing_s/log_scores":0.07237514399457723,"timing_s/step":75.19398188998457,"critic/returns/max":2.4748666286468506,"_wandb":{"runtime":7804},"critic/advantages/mean":-0.016244299709796906}