{"critic/score/max":1,"critic/returns/min":-2.4748666286468506,"sampling_frequency/min":1,"actor/kl_coef":0.001,"critic/score/min":0,"_step":11,"prompt_length/max":385,"response_length/clip_ratio":0.0478515625,"actor/grad_norm":0.11666519939899445,"actor/loss":0.0027715853102324075,"response_length/mean":897.857421875,"critic/score/mean":0.4658203125,"actor/pg_loss_coeff":1,"sampled_accuracy_table":{"sha256":"13cd129492b1d68cbc5a37fb2c83780b557fe8e8389d1b4cb54750b7a617aa8e","_latest_artifact_path":"wandb-client-artifact://uf7b4zhkomj9avmx6ibxezxtukjtb9jssg1e0jsw6savcxxgcv3mz1yh4k3kz5vnpd1ddf45onyn5h4452a11ebgdk8j4lfai0tlldk0tanjx4snl6qvgrmhm66pv6nq:latest/sampled_accuracy_table.table.json","nrows":2,"ncols":3,"path":"media/table/sampled_accuracy_table_10_13cd129492b1d68cbc5a.table.json","_type":"table-file","log_mode":"IMMUTABLE","artifact_path":"wandb-client-artifact://m5e2t9ow1ug1n4q0x3eodhre4mr2h29dm9dxj61yn2z07plefulshqrb5wwolna92pl85xlz34yetfua2n3jlk29muddte4vh3ymbmbhn530mzkp72ustpn81recgz01/sampled_accuracy_table.table.json","size":98},"critic/rewards/mean":0.4658203125,"critic/advantages/max":2.4748666286468506,"timing_per_token_ms/adv":0.0009957854054872732,"response_length/min":43,"prompt_length/mean":121.375,"mfu/actor":0,"sampling_frequency/avg":1.164598842018197,"timing_per_token_ms/update_actor":0.11789715722902294,"actor/pg_loss":0.05999647394606942,"timing_s/step":276.01943162910175,"timing_s/log_scores":0.05831472098361701,"_wandb":{"runtime":3669},"_timestamp":1.754364099806836e+09,"response_length/max":3072,"timing_per_token_ms/gen":0.10866319645942593,"_runtime":3669.721112081,"critic/advantages/mean":-0.11148625612258911,"actor/kl_loss":0.0008481735130771995,"critic/returns/max":2.4748666286468506,"timing_s/gen":99.90559480397496,"val/test_score/deepscaler/aime25x8":0.0375,"critic/rewards/min":0,"timing_s/ref":25.837411005981266,"timing_s/adv":1.0392952529946342,"actor/pg_clipfrac":0,"prompt_length/min":58,"timing_per_token_ms/ref":0.024755733966067894,"prompt_length/clip_ratio":0,"timing_s/update_actor":123.04855561698787,"critic/returns/mean":-0.11148625612258911,"critic/advantages/min":-2.4748666286468506,"val/test_score/deepscaler/minerva":0.10294117647058823,"actor/entropy_loss":0.10405416394534864,"timing_s/old_log_prob":26.1276575520169,"val/test_score/deepscaler/math":0.66,"actor/ppo_kl":0,"critic/rewards/max":1,"sampling_frequency/max":2,"actor/lr":1e-06}